tweet,sentiment
I love the new update! Everything feels so smooth and intuitive.,Positive
This is the worst experience I’ve had with any product.,Negative
"It’s fine, nothing too exciting but not bad either.",Neutral
Absolutely amazing service! Fast and reliable.,Positive
Terrible packaging. Item arrived broken.,Negative
I'm not sure how I feel about this.,Neutral
"Exceeded my expectations, truly wonderful!",Positive
What a disaster. I want my money back.,Negative
"Just okay, does the job.",Neutral
I’m thrilled with the results!,Positive
Very poor customer support.,Negative
Satisfactory performance overall.,Neutral
Couldn’t be happier! Great job!,Positive
Product quality was subpar.,Negative
"It was alright, nothing special.",Neutral
Love it! Will definitely recommend.,Positive
Unacceptable delays and rude staff.,Negative
"Neutral feelings, can't decide.",Neutral
Super helpful and kind team.,Positive
Item doesn’t match description.,Negative
Meh. It’s just okay.,Neutral
Fast delivery and awesome product!,Positive
It completely failed after one use.,Negative
"Average, not impressed.",Neutral
I’m so happy with my purchase!,Positive
Worst decision ever.,Negative
Does the job. Not bad.,Neutral
Highly recommend this!,Positive
Broke after two days. Disappointed.,Negative
"Nothing remarkable, just okay.",Neutral
Very impressed with the support team.,Positive
"Too many issues, not worth it.",Negative
Neither good nor bad.,Neutral
Superb! Loved every part of it.,Positive
Waste of money.,Negative
Mediocre at best.,Neutral
Great quality and fast service.,Positive
Late delivery and defective item.,Negative
Fair product. Expected more.,Neutral
I’m extremely pleased.,Positive
Do not recommend this at all.,Negative
No strong opinion.,Neutral
Fantastic features and smooth experience.,Positive
Defective right out of the box.,Negative
"Mildly useful, I guess.",Neutral
Happy with everything!,Positive
Worst support ever!,Negative
I have mixed feelings about this.,Neutral
Love the look and feel!,Positive
Terribly made and awful to use.,Negative
Fine for the price.,Neutral
Great product. Super useful!,Positive
Disappointing overall.,Negative
It’s decent enough.,Neutral
Truly outstanding!,Positive
I regret buying this.,Negative
Doesn't stand out.,Neutral
Super easy to set up and use.,Positive
Lots of problems. Very annoyed.,Negative
"It’s okay, but there are better options.",Neutral
Beyond satisfied!,Positive
Horrible packaging ruined it.,Negative
Middle-of-the-road experience.,Neutral
A joy to use!,Positive
Broke after one day. Useless.,Negative
Kind of boring honestly.,Neutral
Love every part of it!,Positive
Terrible interface and laggy.,Negative
It does what it says.,Neutral
Best purchase I’ve made recently!,Positive
Hated it so much.,Negative
"Just okay, really.",Neutral
Wonderful and easy to use!,Positive
Poor quality and misleading ad.,Negative
It’s meh.,Neutral
Fantastic and flawless!,Positive
Didn’t like it one bit.,Negative
"Not good, not bad.",Neutral
Great customer care!,Positive
Had a horrible time.,Negative
Nothing stands out.,Neutral
Such a great value!,Positive
Rubbish. Won’t buy again.,Negative
Can’t say much about it.,Neutral
Marvelous work!,Positive
Too expensive for what it offers.,Negative
Mildly entertaining.,Neutral
Perfect! Everything I needed.,Positive
Annoying bugs everywhere.,Negative
Neutral opinion on this.,Neutral
Really well done!,Positive
Fails to deliver on promises.,Negative
"Just fine, nothing more.",Neutral
Outstanding performance!,Positive
Badly made and overpriced.,Negative
Unsure what to say.,Neutral
Everything is perfect!,Positive
Very unhappy with this.,Negative
It's acceptable.,Neutral
So happy I bought this!,Positive
Wouldn’t recommend it to anyone.,Negative
Meh. I expected more.,Neutral
